family,claim,pct,lo,hi,n,item,pct1,n1,pct2,n2,diff,diff_lo,diff_hi,chisq,p,p_holm,sig
Q15 overall,Diversity of voices,47.02127659574468,42.55139715380757,51.53945338728122,470,NA,NA,NA,NA,NA,NA,NA,NA,NA,NA,NA,NA
Q15 overall,Diversity of media ownership,40.85106382978723,36.498661140661206,45.35180837839723,470,NA,NA,NA,NA,NA,NA,NA,NA,NA,NA,NA,NA
Q15 overall,Availability of accurate information,63.61702127659574,59.17343129194781,67.83982337736055,470,NA,NA,NA,NA,NA,NA,NA,NA,NA,NA,NA,NA
Q15 overall,Absence of misinformation,32.5531914893617,28.473268066768142,36.91599938818052,470,NA,NA,NA,NA,NA,NA,NA,NA,NA,NA,NA,NA
Q15 overall,Absence of hateful content,30.425531914893618,26.438560040825088,34.72988637204414,470,NA,NA,NA,NA,NA,NA,NA,NA,NA,NA,NA,NA
Q15 overall,Absence of microtargeted political ads,16.382978723404253,13.311848600392565,19.99917893475242,470,NA,NA,NA,NA,NA,NA,NA,NA,NA,NA,NA,NA
Q15 overall,Absence of AI-generated content,9.361702127659575,7.047750042682405,12.334568053600458,470,NA,NA,NA,NA,NA,NA,NA,NA,NA,NA,NA,NA
Q36 overall,Polarization,69.36170212765957,65.05104583836244,73.35842564456037,470,NA,NA,NA,NA,NA,NA,NA,NA,NA,NA,NA,NA
Q36 overall,Generative AI,46.808510638297875,42.341530786075914,51.327237650804925,470,NA,NA,NA,NA,NA,NA,NA,NA,NA,NA,NA,NA
Q36 overall,Mis/disinformation,73.40425531914893,69.23168694594833,77.19734451692541,470,NA,NA,NA,NA,NA,NA,NA,NA,NA,NA,NA,NA
Q36 overall,Dominance of a few social media platforms,64.04255319148936,59.606448314570834,68.2509705631534,470,NA,NA,NA,NA,NA,NA,NA,NA,NA,NA,NA,NA
Q36 overall,Lack of platform accountability,77.6595744680851,73.67826329665665,81.19241025037593,470,NA,NA,NA,NA,NA,NA,NA,NA,NA,NA,NA,NA
Q36 overall,Filter bubbles & echo chambers,52.97872340425533,48.46054661271878,57.44860284619243,470,NA,NA,NA,NA,NA,NA,NA,NA,NA,NA,NA,NA
Q43 overall,Speed of finding relevant answers,78.93617021276596,75.02264086417682,82.38052530810343,470,NA,NA,NA,NA,NA,NA,NA,NA,NA,NA,NA,NA
Q43 overall,Accuracy of information encountered,37.87234042553192,33.60203120290217,42.33928885724506,470,NA,NA,NA,NA,NA,NA,NA,NA,NA,NA,NA,NA
Q43 overall,Diversity of viewpoints encountered,29.574468085106382,25.62754448105154,33.85257351498591,470,NA,NA,NA,NA,NA,NA,NA,NA,NA,NA,NA,NA
Q43 overall,Accuracy of conclusions drawn,38.93617021276596,34.63458849318201,43.417142088004944,470,NA,NA,NA,NA,NA,NA,NA,NA,NA,NA,NA,NA
Q43 overall,Number of visits to news websites,25.957446808510635,22.20022348197162,30.104498742530804,470,NA,NA,NA,NA,NA,NA,NA,NA,NA,NA,NA,NA
Q46 overall,Search engines,80.2127659574468,76.37235713851686,83.56330165901105,470,NA,NA,NA,NA,NA,NA,NA,NA,NA,NA,NA,NA
Q46 overall,Recommender systems,34.680851063829785,30.5177924676618,39.09229602936629,470,NA,NA,NA,NA,NA,NA,NA,NA,NA,NA,NA,NA
Q46 overall,Generative AI,40.85106382978723,36.498661140661206,45.35180837839723,470,NA,NA,NA,NA,NA,NA,NA,NA,NA,NA,NA,NA
Q46 overall,Social media,44.8936170212766,40.45640348087966,49.41362601812969,470,NA,NA,NA,NA,NA,NA,NA,NA,NA,NA,NA,NA
Q21 overall,AI-generated text,50.638297872340424,46.131527711829,55.13471860079482,470,NA,NA,NA,NA,NA,NA,NA,NA,NA,NA,NA,NA
Q21 overall,AI-generated images,63.40425531914894,58.95705897181512,67.63411359328529,470,NA,NA,NA,NA,NA,NA,NA,NA,NA,NA,NA,NA
Q21 overall,AI-generated voices,60.851063829787236,56.36754971225633,65.15863760234876,470,NA,NA,NA,NA,NA,NA,NA,NA,NA,NA,NA,NA
Q21 overall,AI-generated videos,67.23404255319149,62.865937318036494,71.32271312280689,470,NA,NA,NA,NA,NA,NA,NA,NA,NA,NA,NA,NA
Q15 dev/developing,Diversity of voices,NA,NA,NA,NA,Diversity of voices,55.86854460093897,213,39.688715953307394,257,16.179828647631574,-25.137811791686076,-7.221845503577068,12.239588016513883,4.67861583485883e-4,0.0032750310844011812,*
Q15 dev/developing,Diversity of media ownership,NA,NA,NA,NA,Diversity of media ownership,43.1924882629108,213,38.91050583657587,257,4.281982426334924,-13.214051894253199,4.650087041583351,0.8838006593683796,0.347162818267498,1,
Q15 dev/developing,Availability of accurate information,NA,NA,NA,NA,Availability of accurate information,65.25821596244131,213,62.2568093385214,257,3.001406623919911,-11.719864444262177,5.7170511964223545,0.45330755717052934,0.5007684189145898,1,
Q15 dev/developing,Absence of misinformation,NA,NA,NA,NA,Absence of misinformation,34.27230046948357,213,31.1284046692607,257,3.143895800222868,-11.668646686275789,5.380855085830053,0.5243197039084291,0.4690048134665181,1,
Q15 dev/developing,Absence of hateful content,NA,NA,NA,NA,Absence of hateful content,38.028169014084504,213,24.124513618677042,257,13.903655395407464,-22.26207168583639,-5.54523910497854,10.636158116975622,0.0011089781438634466,0.00665386886318068,*
Q15 dev/developing,Absence of microtargeted political ads,NA,NA,NA,NA,Absence of microtargeted political ads,17.84037558685446,213,15.17509727626459,257,2.665278310589869,-9.423647266311093,4.093090645131355,0.6039659283965471,0.4370688330503194,1,
Q15 dev/developing,Absence of AI-generated content,NA,NA,NA,NA,Absence of AI-generated content,9.859154929577464,213,8.949416342412452,257,0.9097385871650127,-6.220836089688372,4.401358915358347,0.11360083958164896,0.7360812917055376,1,
Q36 dev/developing,Polarization,NA,NA,NA,NA,Polarization,77.46478873239437,213,62.64591439688716,257,14.818874335507203,-22.971259409073017,-6.666489261941392,12.035410925044348,5.219932545497729e-4,0.0026099662727488643,*
Q36 dev/developing,Generative AI,NA,NA,NA,NA,Generative AI,53.990610328638496,213,40.856031128404666,257,13.134579200233832,-22.1300690229699,-4.139089377497762,8.070124271154574,0.00450010304498852,0.01350030913496556,*
Q36 dev/developing,Mis/disinformation,NA,NA,NA,NA,Mis/disinformation,84.50704225352112,213,64.2023346303502,257,20.304707623170927,-27.918242280174137,-12.691172966167713,24.596593126684315,7.067657622882684e-7,4.240594573729611e-6,*
Q36 dev/developing,Dominance of a few social media platforms,NA,NA,NA,NA,Dominance of a few social media platforms,68.07511737089202,213,60.70038910505836,257,7.374728265833664,-16.026442600299802,1.2769860686324728,2.7507392841042915,0.09720947212176836,0.19441894424353673,
Q36 dev/developing,Lack of platform accountability,NA,NA,NA,NA,Lack of platform accountability,79.81220657276995,213,75.87548638132296,257,3.9367201914469963,-11.447981496041407,3.5745411131474154,1.040393227894871,0.30773003514531344,0.30773003514531344,
Q36 dev/developing,Filter bubbles & echo chambers,NA,NA,NA,NA,Filter bubbles & echo chambers,60.563380281690144,213,46.69260700389105,257,13.870773277799087,-22.83067715086316,-4.910869404735014,8.995396482620869,0.00270660546431347,0.01082642185725388,*
Q43 dev/developing,Speed of finding relevant answers,NA,NA,NA,NA,Speed of finding relevant answers,76.52582159624413,213,80.93385214007782,257,-4.408030543833686,-3.039311717491569,11.85537280515894,1.361101995716526,0.243346587410194,0.486693174820388,
Q43 dev/developing,Accuracy of information encountered,NA,NA,NA,NA,Accuracy of information encountered,43.1924882629108,213,33.463035019455255,257,9.729453243455549,-18.534700513590156,-0.9242059733209393,4.685809209651143,0.03041273596046321,0.09123820788138963,
Q43 dev/developing,Diversity of viewpoints encountered,NA,NA,NA,NA,Diversity of viewpoints encountered,36.15023474178404,213,24.124513618677042,257,12.025721123106994,-20.33165768259457,-3.719784563619419,8.087048493143575,0.0044582709105158245,0.01878544967236179,*
Q43 dev/developing,Accuracy of conclusions drawn,NA,NA,NA,NA,Accuracy of conclusions drawn,38.967136150234744,213,38.91050583657587,257,0.056630313658867504,-8.91226985160113,8.799009224283393,1.5709976390583186e-4,0.9899996210672402,0.9899996210672402,
Q43 dev/developing,Number of visits to news websites,NA,NA,NA,NA,Number of visits to news websites,32.394366197183096,213,20.622568093385215,257,11.771798103797886,-19.769653266717363,-3.7739429408784124,8.397637431932017,0.003757089934472358,0.01878544967236179,*
Q46 dev/developing,Search engines,NA,NA,NA,NA,Search engines,76.99530516431925,213,82.87937743190662,257,-5.884072267587371,-1.4066083084704084,13.174752843645148,2.5406350314402,0.11095015523232107,0.27072901912121866,
Q46 dev/developing,Recommender systems,NA,NA,NA,NA,Recommender systems,34.27230046948357,213,35.01945525291829,257,-0.747154783434717,-7.892303720447077,9.38661328731651,0.028701577510372438,0.8654699117147765,0.8654699117147765,
Q46 dev/developing,Generative AI,NA,NA,NA,NA,Generative AI,45.070422535211264,213,37.35408560311284,257,7.716336932098428,-16.639744124352223,1.2070702601553671,2.8700332330179057,0.09024300637373955,0.27072901912121866,
Q46 dev/developing,Social media,NA,NA,NA,NA,Social media,50.23474178403756,213,40.46692607003891,257,9.767815713998651,-18.773170977540005,-0.7624604504572974,4.491829675326695,0.03405720839506022,0.13622883358024088,
Q21 dev/developing,AI-generated text,NA,NA,NA,NA,AI-generated text,47.88732394366197,213,52.91828793774319,257,-5.0309639940812225,-4.038105774398897,14.100033762561342,1.1793645274302473,0.2774854031036596,0.8812898567435188,
Q21 dev/developing,AI-generated images,NA,NA,NA,NA,AI-generated images,61.032863849765256,213,65.36964980544747,257,-4.33678595568221,-4.422756261103478,13.096328172467897,0.9440648965254996,0.3312346421606411,0.8812898567435188,
Q21 dev/developing,AI-generated voices,NA,NA,NA,NA,AI-generated voices,59.624413145539904,213,61.86770428015564,257,-2.2432911346157436,-6.626885557033105,11.113467826264593,0.24603563226946273,0.6198804483418685,0.8812898567435188,
Q21 dev/developing,AI-generated videos,NA,NA,NA,NA,AI-generated videos,64.31924882629107,213,69.64980544747081,257,-5.330556621179738,-3.212658616017398,13.873771858376877,1.502269682657233,0.2203224641858797,0.8812898567435188,
